<?xml version='1.0' encoding='UTF-8'?> 
<!DOCTYPE hibernate-mapping PUBLIC 
"-//Hibernate/Hibernate Mapping DTD//EN" 
"http://www.hibernate.org/dtd/hibernate-mapping-3.0.dtd"> 
<hibernate-mapping>
	 <class name="payroll.paypara" table="payment"> 
		 <id name="title" column="title" type="string"></id> 
		 <property name="basic_pay" column="basic_pay" type="long"></property> 
		 <property name="house_pay" column="house_pay" type="long"></property> 
		 <property name="medical" column="medical" type="long"></property>
		 <property name="other_allowances" column="other_allowances" type="long"></property>
		 <property name="gratuity" column="gratuity" type="long"></property>
		 <property name="deduction" column="deduction" type="long"></property>
		 <property name="overtime" column="overtime" type="long"></property>
		 <property name="professional_tax" column="professional_tax" type="long"></property>
	  </class> 
</hibernate-mapping>